City,Total Precipitation (mm),Hours of Precipitation,Average_Precipitation_Per_Hour
London,780.7,1537.0,0.5079375406636305
Bangalore,795.5,1282.0,0.6205148205928237
Bogota,1038.7,2087.0,0.49770004791566846
Riyadh,142.9,193.0,0.7404145077720208
Amsterdam,1241.8,2274.0,0.5460861917326297
