City,Hours of Precipitation,Percentage
Amsterdam,2274.0,30.842262308422626
Bogota,2087.0,28.30598128305981
London,1537.0,20.84633120846331
Bangalore,1282.0,17.38776617387766
Riyadh,193.0,2.6176590261765904
